epoch,time,train/box_loss,train/seg_loss,train/cls_loss,train/dfl_loss,train/sem_loss,metrics/precision(B),metrics/recall(B),metrics/mAP50(B),metrics/mAP50-95(B),metrics/precision(M),metrics/recall(M),metrics/mAP50(M),metrics/mAP50-95(M),val/box_loss,val/seg_loss,val/cls_loss,val/dfl_loss,val/sem_loss,lr/pg0,lr/pg1,lr/pg2
1,5.19697,1.21102,5.86216,2.94742,1.45059,0,0.0025,1,0.02689,0.01564,0.0025,1,0.02689,0.0114,1.19332,2.64361,3.80199,1.32593,0,4e-05,4e-05,4e-05
2,8.99877,1.27415,4.16391,3.21901,1.71759,0,0.0025,1,0.38851,0.09353,0.0025,1,0.38851,0.10822,0.75912,1.66268,3.6627,1.04018,0,9.901e-05,9.901e-05,9.901e-05
3,12.8796,0.93823,2.97497,2.57994,1.22552,0,0.0025,1,0.56708,0.33714,0.0025,1,0.78875,0.33508,0.65391,1.56363,3.65981,0.94629,0,0.000156832,0.000156832,0.000156832
4,16.993,0.90818,2.69973,2.74327,1.16368,0,0.0025,1,0.80643,0.52143,0.0025,1,0.80643,0.52382,0.53522,1.49568,3.5323,0.86903,0,0.000213466,0.000213466,0.000213466
5,20.8551,0.97245,2.47435,2.49007,1.29413,0,0.0025,1,0.83,0.54399,0.0025,1,0.83,0.60875,0.43615,1.7005,3.4908,0.79899,0,0.000268912,0.000268912,0.000268912
6,24.5989,0.80723,1.31101,2.30267,1.11126,0,0.0025,1,0.83,0.60675,0.0025,1,0.83,0.60675,0.47185,1.02719,3.41288,0.76228,0,0.00032317,0.00032317,0.00032317
7,28.1383,0.9056,1.27182,1.84924,1.18841,0,0.0025,1,0.665,0.5435,0.0025,1,0.665,0.54389,0.5004,0.33683,3.3707,0.74792,0,0.00037624,0.00037624,0.00037624
8,31.6127,0.80578,0.86318,1.62177,1.05374,0,0.00616,1,0.753,0.6381,0.00616,1,0.753,0.69499,0.51257,0.24386,3.13606,0.80973,0,0.000428122,0.000428122,0.000428122
9,35.3006,0.65728,1.65038,2.13423,0.99234,0,0.00616,1,0.753,0.6381,0.00616,1,0.753,0.69499,0.51257,0.24386,3.13606,0.80973,0,0.000478816,0.000478816,0.000478816
10,39.1558,0.88355,1.04259,1.7047,1.10034,0,0.44504,1,0.597,0.544,0.44504,1,0.597,0.5639,0.50086,0.25455,3.05821,0.72663,0,0.000528322,0.000528322,0.000528322
11,43.0854,1.13101,2.26674,1.80349,1.29679,0,0.44504,1,0.597,0.544,0.44504,1,0.597,0.5639,0.50086,0.25455,3.05821,0.72663,0,0.00057664,0.00057664,0.00057664
12,46.9088,0.96797,1.04661,2.23103,1.26515,0,0.47831,0.66667,0.4975,0.44775,0.47831,0.66667,0.4975,0.481,0.49637,0.36824,3.04911,0.74042,0,0.00062377,0.00062377,0.00062377
13,51.041,0.72137,1.01619,1.24806,0.98599,0,0.47831,0.66667,0.4975,0.44775,0.47831,0.66667,0.4975,0.481,0.49637,0.36824,3.04911,0.74042,0,0.000669712,0.000669712,0.000669712
14,55.061,0.76239,0.96803,1.69941,1.1281,0,0.64235,0.61803,0.67875,0.6265,0.64235,0.61803,0.67875,0.61825,0.53686,0.29614,2.81488,0.73559,0,0.000714466,0.000714466,0.000714466
15,58.7302,0.67127,0.89034,1.41777,1.11165,0,0.64235,0.61803,0.67875,0.6265,0.64235,0.61803,0.67875,0.61825,0.53686,0.29614,2.81488,0.73559,0,0.000758032,0.000758032,0.000758032
16,62.5237,0.77715,0.8163,1.25627,1.06154,0,0.64235,0.61803,0.67875,0.6265,0.64235,0.61803,0.67875,0.61825,0.53686,0.29614,2.81488,0.73559,0,0.00080041,0.00080041,0.00080041
17,66.2563,0.87626,1.14421,1.07133,0.97331,0,1,0.66609,0.83,0.747,1,0.66609,0.83,0.77475,0.56024,0.25974,2.44106,0.78739,0,0.0008416,0.0008416,0.0008416
18,69.9714,0.70485,0.8004,1.31317,1.06645,0,1,0.66609,0.83,0.747,1,0.66609,0.83,0.77475,0.56024,0.25974,2.44106,0.78739,0,0.000881602,0.000881602,0.000881602
19,73.5999,0.77747,0.67195,1.14086,1.08169,0,1,0.66609,0.83,0.747,1,0.66609,0.83,0.77475,0.56024,0.25974,2.44106,0.78739,0,0.000920416,0.000920416,0.000920416
20,77.2409,0.81801,0.86683,1.64088,1.21448,0,1,0.98431,0.995,0.8515,1,0.98431,0.995,0.929,0.54699,0.30753,2.14596,0.76024,0,0.000958042,0.000958042,0.000958042
21,80.9694,1.01069,1.25747,1.85337,1.20442,0,1,0.98431,0.995,0.8515,1,0.98431,0.995,0.929,0.54699,0.30753,2.14596,0.76024,0,0.00099448,0.00099448,0.00099448
22,84.6495,0.63426,0.81431,1.47766,0.97316,0,1,0.98431,0.995,0.8515,1,0.98431,0.995,0.929,0.54699,0.30753,2.14596,0.76024,0,0.00102973,0.00102973,0.00102973
23,88.343,0.90088,1.47388,1.33187,1.22668,0,1,0.98431,0.995,0.8515,1,0.98431,0.995,0.929,0.54699,0.30753,2.14596,0.76024,0,0.00106379,0.00106379,0.00106379
24,92.3662,0.82236,0.96179,1.2671,0.9698,0,0.96762,1,0.995,0.77975,0.96762,1,0.995,0.863,0.74373,0.29043,2.95475,0.85138,0,0.00109667,0.00109667,0.00109667
25,96.2768,0.88133,0.97936,1.60145,1.23395,0,0.96762,1,0.995,0.77975,0.96762,1,0.995,0.863,0.74373,0.29043,2.95475,0.85138,0,0.00112835,0.00112835,0.00112835
26,100.127,0.75969,0.70004,1.37048,1.10318,0,0.96762,1,0.995,0.77975,0.96762,1,0.995,0.863,0.74373,0.29043,2.95475,0.85138,0,0.00115885,0.00115885,0.00115885
27,104.014,0.89111,0.52913,1.27889,1.11223,0,0.96762,1,0.995,0.77975,0.96762,1,0.995,0.863,0.74373,0.29043,2.95475,0.85138,0,0.00118816,0.00118816,0.00118816
28,107.668,0.87934,0.95168,1.32527,1.19596,0,0.96762,1,0.995,0.77975,0.96762,1,0.995,0.863,0.74373,0.29043,2.95475,0.85138,0,0.00121628,0.00121628,0.00121628
29,111.189,0.85942,0.74612,1.11965,1.00798,0,0.46306,0.66667,0.61,0.23672,0.46306,0.66667,0.61,0.25473,1.04313,0.26483,4.38251,1.19354,0,0.00124322,0.00124322,0.00124322
30,114.639,0.97599,1.33944,1.44367,1.15372,0,0.46306,0.66667,0.61,0.23672,0.46306,0.66667,0.61,0.25473,1.04313,0.26483,4.38251,1.19354,0,0.00126896,0.00126896,0.00126896
31,118.126,0.84058,0.77803,1.60838,1.00472,0,0.46306,0.66667,0.61,0.23672,0.46306,0.66667,0.61,0.25473,1.04313,0.26483,4.38251,1.19354,0,0.00129352,0.00129352,0.00129352
32,121.538,0.72451,0.57868,1.27055,0.99131,0,0.46306,0.66667,0.61,0.23672,0.46306,0.66667,0.61,0.25473,1.04313,0.26483,4.38251,1.19354,0,0.00131689,0.00131689,0.00131689
33,124.971,0.91278,1.02929,1.49042,1.08,0,0.46306,0.66667,0.61,0.23672,0.46306,0.66667,0.61,0.25473,1.04313,0.26483,4.38251,1.19354,0,0.00133907,0.00133907,0.00133907
34,128.462,0.80356,0.57517,1.25978,1.10932,0,0.42334,1,0.665,0.499,0.42334,1,0.665,0.54038,0.88799,0.21381,3.41193,1.0239,0,0.0013466,0.0013466,0.0013466
35,131.975,0.83972,1.03814,1.19674,1.09163,0,0.42334,1,0.665,0.499,0.42334,1,0.665,0.54038,0.88799,0.21381,3.41193,1.0239,0,0.0013268,0.0013268,0.0013268
36,135.511,0.63306,0.84163,1.27778,1.01908,0,0.42334,1,0.665,0.499,0.42334,1,0.665,0.54038,0.88799,0.21381,3.41193,1.0239,0,0.001307,0.001307,0.001307
37,139.159,1.16369,1.40249,1.53379,1.25064,0,0.42334,1,0.665,0.499,0.42334,1,0.665,0.54038,0.88799,0.21381,3.41193,1.0239,0,0.0012872,0.0012872,0.0012872
38,142.812,0.78143,0.8097,1.12456,1.01887,0,0.42334,1,0.665,0.499,0.42334,1,0.665,0.54038,0.88799,0.21381,3.41193,1.0239,0,0.0012674,0.0012674,0.0012674
39,146.369,0.7358,0.69423,1.21143,1.06626,0,0.42334,1,0.665,0.499,0.42334,1,0.665,0.54038,0.88799,0.21381,3.41193,1.0239,0,0.0012476,0.0012476,0.0012476
40,149.879,0.68645,0.76173,1.07893,1.00922,0,0.46124,1,0.4975,0.27092,0.46124,1,0.4975,0.30408,0.93064,0.16484,4.4514,1.05383,0,0.0012278,0.0012278,0.0012278
41,153.423,0.88334,0.66093,1.21106,1.10209,0,0.46124,1,0.4975,0.27092,0.46124,1,0.4975,0.30408,0.93064,0.16484,4.4514,1.05383,0,0.001208,0.001208,0.001208
42,156.95,0.72257,0.76818,1.1308,1.0522,0,0.46124,1,0.4975,0.27092,0.46124,1,0.4975,0.30408,0.93064,0.16484,4.4514,1.05383,0,0.0011882,0.0011882,0.0011882
43,160.362,0.76404,0.57473,1.68451,1.11027,0,0.46124,1,0.4975,0.27092,0.46124,1,0.4975,0.30408,0.93064,0.16484,4.4514,1.05383,0,0.0011684,0.0011684,0.0011684
44,163.88,1.19657,1.12875,1.52283,1.1911,0,0.46124,1,0.4975,0.27092,0.46124,1,0.4975,0.30408,0.93064,0.16484,4.4514,1.05383,0,0.0011486,0.0011486,0.0011486
45,167.583,0.63191,0.55292,1.29279,0.95454,0,0.70797,1,0.83,0.55638,0.70797,1,0.83,0.67238,0.70505,0.25149,3.43517,1.18997,0,0.0011288,0.0011288,0.0011288
46,171.475,0.65847,0.74285,1.1086,1.03744,0,0.70797,1,0.83,0.55638,0.70797,1,0.83,0.67238,0.70505,0.25149,3.43517,1.18997,0,0.001109,0.001109,0.001109
47,175.116,0.60327,0.50871,0.9431,0.97008,0,0.70797,1,0.83,0.55638,0.70797,1,0.83,0.67238,0.70505,0.25149,3.43517,1.18997,0,0.0010892,0.0010892,0.0010892
48,178.56,0.81014,0.62562,1.28598,0.98206,0,0.70797,1,0.83,0.55638,0.70797,1,0.83,0.67238,0.70505,0.25149,3.43517,1.18997,0,0.0010694,0.0010694,0.0010694
49,182.033,0.73478,0.83591,1.2695,1.09542,0,0.70797,1,0.83,0.55638,0.70797,1,0.83,0.67238,0.70505,0.25149,3.43517,1.18997,0,0.0010496,0.0010496,0.0010496
50,185.609,0.91181,0.75854,1.17826,1.08214,0,1,0.99861,0.995,0.68567,1,0.99861,0.995,0.84033,0.77971,0.4055,1.9806,1.1951,0,0.0010298,0.0010298,0.0010298
51,189.094,0.6107,0.67305,0.95964,1.05861,0,1,0.99861,0.995,0.68567,1,0.99861,0.995,0.84033,0.77971,0.4055,1.9806,1.1951,0,0.00101,0.00101,0.00101
52,192.725,0.62661,0.47195,0.91574,0.94113,0,1,0.99861,0.995,0.68567,1,0.99861,0.995,0.84033,0.77971,0.4055,1.9806,1.1951,0,0.0009902,0.0009902,0.0009902
53,196.281,0.69409,0.52794,0.91477,0.9637,0,1,0.99861,0.995,0.68567,1,0.99861,0.995,0.84033,0.77971,0.4055,1.9806,1.1951,0,0.0009704,0.0009704,0.0009704
54,199.819,0.89398,0.4475,1.10991,1.00465,0,1,0.99861,0.995,0.68567,1,0.99861,0.995,0.84033,0.77971,0.4055,1.9806,1.1951,0,0.0009506,0.0009506,0.0009506
55,203.315,0.65924,0.6247,1.01199,1.0147,0,1,0.99861,0.995,0.68567,1,0.99861,0.995,0.84033,0.77971,0.4055,1.9806,1.1951,0,0.0009308,0.0009308,0.0009308
56,207.042,0.56004,0.95859,0.92127,0.89355,0,0.73326,1,0.9125,0.68875,0.73326,1,0.9125,0.68875,0.82404,0.26706,2.45164,1.34035,0,0.000911,0.000911,0.000911
57,210.544,0.68269,0.6072,1.00877,1.06334,0,0.73326,1,0.9125,0.68875,0.73326,1,0.9125,0.68875,0.82404,0.26706,2.45164,1.34035,0,0.0008912,0.0008912,0.0008912
58,214.151,0.77352,0.75644,1.08977,1.09828,0,0.73326,1,0.9125,0.68875,0.73326,1,0.9125,0.68875,0.82404,0.26706,2.45164,1.34035,0,0.0008714,0.0008714,0.0008714
59,217.622,0.83402,0.4887,1.59134,0.98741,0,0.73326,1,0.9125,0.68875,0.73326,1,0.9125,0.68875,0.82404,0.26706,2.45164,1.34035,0,0.0008516,0.0008516,0.0008516
60,221.167,0.56401,0.45496,0.97127,0.99307,0,0.73326,1,0.9125,0.68875,0.73326,1,0.9125,0.68875,0.82404,0.26706,2.45164,1.34035,0,0.0008318,0.0008318,0.0008318
61,224.711,0.61884,0.56413,0.94487,0.86939,0,0.73786,1,0.9125,0.67188,0.73786,1,0.9125,0.88095,0.63818,0.19441,2.12186,0.89794,0,0.000812,0.000812,0.000812
62,228.19,0.62939,0.62709,0.98788,1.02428,0,0.73786,1,0.9125,0.67188,0.73786,1,0.9125,0.88095,0.63818,0.19441,2.12186,0.89794,0,0.0007922,0.0007922,0.0007922
63,231.694,0.78642,0.98868,1.17738,1.07554,0,0.73786,1,0.9125,0.67188,0.73786,1,0.9125,0.88095,0.63818,0.19441,2.12186,0.89794,0,0.0007724,0.0007724,0.0007724
64,235.161,0.69646,0.47845,1.02912,1.03543,0,0.73786,1,0.9125,0.67188,0.73786,1,0.9125,0.88095,0.63818,0.19441,2.12186,0.89794,0,0.0007526,0.0007526,0.0007526
65,238.569,0.5378,0.38038,0.80715,0.9325,0,0.73786,1,0.9125,0.67188,0.73786,1,0.9125,0.88095,0.63818,0.19441,2.12186,0.89794,0,0.0007328,0.0007328,0.0007328
66,242.053,0.7009,0.53908,0.98552,0.93099,0,0.9315,1,0.995,0.907,0.9315,1,0.995,0.951,0.45981,0.18399,2.18661,0.72338,0,0.000713,0.000713,0.000713
67,245.557,0.55374,0.50723,0.851,0.91001,0,0.9315,1,0.995,0.907,0.9315,1,0.995,0.951,0.45981,0.18399,2.18661,0.72338,0,0.0006932,0.0006932,0.0006932
68,249.016,0.64486,0.64955,0.80048,0.89754,0,0.9315,1,0.995,0.907,0.9315,1,0.995,0.951,0.45981,0.18399,2.18661,0.72338,0,0.0006734,0.0006734,0.0006734
69,252.486,0.68136,0.55167,1.14758,1.07921,0,0.9315,1,0.995,0.907,0.9315,1,0.995,0.951,0.45981,0.18399,2.18661,0.72338,0,0.0006536,0.0006536,0.0006536
70,255.892,0.77454,1.05569,0.95075,1.02524,0,0.9315,1,0.995,0.907,0.9315,1,0.995,0.951,0.45981,0.18399,2.18661,0.72338,0,0.0006338,0.0006338,0.0006338
71,259.329,0.64912,0.72107,0.9464,0.99907,0,0.9315,1,0.995,0.907,0.9315,1,0.995,0.951,0.45981,0.18399,2.18661,0.72338,0,0.000614,0.000614,0.000614
72,262.747,0.61653,0.47999,0.94497,0.99401,0,0.7462,1,0.995,0.962,0.7462,1,0.995,0.995,0.41175,0.17156,1.93414,0.70105,0,0.0005942,0.0005942,0.0005942
73,266.21,0.58578,0.55186,0.81308,0.96975,0,0.7462,1,0.995,0.962,0.7462,1,0.995,0.995,0.41175,0.17156,1.93414,0.70105,0,0.0005744,0.0005744,0.0005744
74,269.743,0.59888,0.50004,0.91333,1.02054,0,0.7462,1,0.995,0.962,0.7462,1,0.995,0.995,0.41175,0.17156,1.93414,0.70105,0,0.0005546,0.0005546,0.0005546
75,273.245,0.55087,0.52093,0.84782,0.96927,0,0.7462,1,0.995,0.962,0.7462,1,0.995,0.995,0.41175,0.17156,1.93414,0.70105,0,0.0005348,0.0005348,0.0005348
76,276.748,0.60552,0.44957,0.85178,0.92355,0,0.7462,1,0.995,0.962,0.7462,1,0.995,0.995,0.41175,0.17156,1.93414,0.70105,0,0.000515,0.000515,0.000515
77,280.288,0.7196,0.5916,0.95769,1.09225,0,0.7419,1,0.9125,0.9125,0.7419,1,0.9125,0.9125,0.33148,0.18348,1.84232,0.67322,0,0.0004952,0.0004952,0.0004952
78,283.679,0.5158,0.44569,0.84092,0.90122,0,0.7419,1,0.9125,0.9125,0.7419,1,0.9125,0.9125,0.33148,0.18348,1.84232,0.67322,0,0.0004754,0.0004754,0.0004754
79,287.122,0.59265,0.62671,0.93625,1.05047,0,0.7419,1,0.9125,0.9125,0.7419,1,0.9125,0.9125,0.33148,0.18348,1.84232,0.67322,0,0.0004556,0.0004556,0.0004556
80,290.561,0.62542,0.38568,0.84155,0.96116,0,0.7419,1,0.9125,0.9125,0.7419,1,0.9125,0.9125,0.33148,0.18348,1.84232,0.67322,0,0.0004358,0.0004358,0.0004358
81,294.057,0.64152,0.44397,0.89046,0.97439,0,0.7419,1,0.9125,0.9125,0.7419,1,0.9125,0.9125,0.33148,0.18348,1.84232,0.67322,0,0.000416,0.000416,0.000416
82,297.568,0.61693,0.37783,0.79275,0.9579,0,0.74151,1,0.83,0.797,0.74151,1,0.83,0.8025,0.34125,0.20167,1.81068,0.69294,0,0.0003962,0.0003962,0.0003962
83,301.054,0.70622,0.6689,1.08216,1.06805,0,0.74151,1,0.83,0.797,0.74151,1,0.83,0.8025,0.34125,0.20167,1.81068,0.69294,0,0.0003764,0.0003764,0.0003764
84,304.517,0.4751,0.38279,0.76222,0.93261,0,0.74151,1,0.83,0.797,0.74151,1,0.83,0.8025,0.34125,0.20167,1.81068,0.69294,0,0.0003566,0.0003566,0.0003566
85,307.99,0.46423,0.7229,0.8074,0.95424,0,0.74151,1,0.83,0.797,0.74151,1,0.83,0.8025,0.34125,0.20167,1.81068,0.69294,0,0.0003368,0.0003368,0.0003368
86,311.45,1.61805,0.71402,2.06108,1.97004,0,0.74151,1,0.83,0.797,0.74151,1,0.83,0.8025,0.34125,0.20167,1.81068,0.69294,0,0.000317,0.000317,0.000317
87,314.796,0.56807,0.40321,0.83145,0.91254,0,0.74151,1,0.83,0.797,0.74151,1,0.83,0.8025,0.34125,0.20167,1.81068,0.69294,0,0.0002972,0.0002972,0.0002972
88,318.903,0.74997,0.46704,1.16384,1.04748,0,0.74137,1,0.83,0.8025,0.74137,1,0.83,0.8025,0.362,0.2034,1.7694,0.70889,0,0.0002774,0.0002774,0.0002774
89,323.118,0.67241,0.53356,0.88288,0.95161,0,0.74137,1,0.83,0.8025,0.74137,1,0.83,0.8025,0.362,0.2034,1.7694,0.70889,0,0.0002576,0.0002576,0.0002576
90,327.499,0.52384,0.34207,0.86093,0.98803,0,0.74137,1,0.83,0.8025,0.74137,1,0.83,0.8025,0.362,0.2034,1.7694,0.70889,0,0.0002378,0.0002378,0.0002378
91,331.128,0.77985,0.8845,1.90275,1.0362,0,0.74137,1,0.83,0.8025,0.74137,1,0.83,0.8025,0.362,0.2034,1.7694,0.70889,0,0.000218,0.000218,0.000218
92,335.463,0.86708,0.61729,3.30986,1.28296,0,0.74137,1,0.83,0.8025,0.74137,1,0.83,0.8025,0.362,0.2034,1.7694,0.70889,0,0.0001982,0.0001982,0.0001982
93,339.586,0.56024,0.45707,1.81854,1.03143,0,0.73858,1,0.83,0.8025,0.73858,1,0.83,0.7805,0.36895,0.20047,1.82768,0.70726,0,0.0001784,0.0001784,0.0001784
94,343.172,0.71271,0.69994,1.78699,1.10804,0,0.73858,1,0.83,0.8025,0.73858,1,0.83,0.7805,0.36895,0.20047,1.82768,0.70726,0,0.0001586,0.0001586,0.0001586
95,346.821,0.71381,0.44186,2.39556,1.12662,0,0.73858,1,0.83,0.8025,0.73858,1,0.83,0.7805,0.36895,0.20047,1.82768,0.70726,0,0.0001388,0.0001388,0.0001388
96,350.657,0.79618,0.55326,2.10852,1.22483,0,0.73858,1,0.83,0.8025,0.73858,1,0.83,0.7805,0.36895,0.20047,1.82768,0.70726,0,0.000119,0.000119,0.000119
97,354.653,0.82017,0.44491,2.61405,1.26218,0,0.73858,1,0.83,0.8025,0.73858,1,0.83,0.7805,0.36895,0.20047,1.82768,0.70726,0,9.92e-05,9.92e-05,9.92e-05
98,358.325,0.38895,0.27494,6.691,0.65511,0,0.73793,1,0.83,0.8025,0.73793,1,0.83,0.7805,0.36742,0.1956,1.94327,0.71574,0,7.94e-05,7.94e-05,7.94e-05
99,362.1,0.59761,0.35284,1.89594,0.96087,0,0.73793,1,0.83,0.8025,0.73793,1,0.83,0.7805,0.36742,0.1956,1.94327,0.71574,0,5.96e-05,5.96e-05,5.96e-05
100,365.789,0.84581,0.38818,2.75722,1.2537,0,0.73793,1,0.83,0.8025,0.73793,1,0.83,0.7805,0.36742,0.1956,1.94327,0.71574,0,3.98e-05,3.98e-05,3.98e-05
